,word
0,i
1,the
2,you
3,to
4,and
5,a
6,me
7,it
8,not
9,in
10,my
11,is
12,of
13,your
14,that
15,do
16,on
17,are
18,we
19,am
20,will
21,all
22,for
23,no
24,be
25,have
26,love
27,so
28,know
29,this
30,but
31,with
32,what
33,just
34,when
35,like
36,now
37,que
38,time
39,can
40,come
41,de
42,there
43,go
44,up
45,oh
46,la
47,one
48,they
49,out
50,down
51,get
52,she
53,was
54,see
55,if
56,got
57,never
58,from
59,he
60,feel
61,want
62,let
63,make
64,way
65,say
66,take
67,would
68,as
69,ca
70,day
71,at
72,babi
73,away
74,life
75,yeah
76,y
77,back
78,by
79,her
80,heart
81,here
82,how
83,could
84,night
85,need
86,our
87,look
88,where
89,en
90,eye
91,thing
92,world
93,more
94,caus
95,gonna
96,die
97,right
98,been
99,tell
100,think
101,un
102,who
103,el
104,through
105,man
106,live
107,again
108,give
109,too
110,onli
111,te
112,tri
113,tu
114,or
115,whi
116,se
117,keep
118,dream
119,well
120,mind
121,an
122,wo
123,still
124,us
125,his
126,long
127,mi
128,girl
129,wanna
130,find
131,fall
132,around
133,good
134,about
135,some
136,over
137,littl
138,turn
139,hand
140,then
141,noth
142,light
143,said
144,call
145,everi
146,alway
147,were
148,did
149,into
150,e
151,wait
152,leav
153,home
154,had
155,hold
156,run
157,es
158,walk
159,ever
160,them
161,lie
162,face
163,end
164,hear
165,gone
166,head
167,believ
168,everyth
169,ya
170,has
171,cri
172,alon
173,yo
174,hey
175,their
176,le
177,someth
178,si
179,insid
180,du
181,befor
182,o
183,word
184,stay
185,place
186,much
187,chang
188,ich
189,god
190,stand
191,these
192,better
193,last
194,friend
195,soul
196,anoth
197,je
198,left
199,new
200,him
201,than
202,stop
203,tonight
204,burn
205,sun
206,off
207,por
208,lo
209,play
210,thought
211,sing
212,show
213,lost
214,peopl
215,made
216,break
217,und
218,start
219,should
220,realli
221,chorus
222,hard
223,sky
224,old
225,da
226,even
227,boy
228,pleas
229,song
230,care
231,without
232,hope
233,watch
234,pain
235,amor
236,move
237,wrong
238,put
239,free
240,gotta
241,name
242,et
243,same
244,blue
245,con
246,danc
247,talk
248,seem
249,own
250,mine
251,dark
252,na
253,far
254,tear
255,true
256,fire
257,use
258,dead
259,bring
260,fuck
261,other
262,sin
263,someon
264,myself
265,forev
266,close
267,sleep
268,rain
269,those
270,must
271,una
272,les
273,sweet
274,mean
275,fight
276,rememb
277,star
278,while
279,kiss
280,kill
281,high
282,breath
283,doe
284,yes
285,al
286,wish
287,che
288,real
289,smile
290,two
291,cold
292,lord
293,year
294,open
295,il
296,fear
297,di
298,done
299,side
300,fli
301,black
302,line
303,rock
304,blood
305,lose
306,found
307,onc
308,non
309,door
310,bad
311,ooh
312,wonder
313,ti
314,como
315,enough
316,para
317,sound
318,togeth
319,mayb
320,los
321,help
322,shine
323,mani
324,heaven
325,becaus
326,work
327,touch
328,behind
329,yourself
330,today
331,big
332,might
333,death
334,hate
335,miss
336,ride
337,street
338,came
339,ask
340,hide
341,everybodi
342,save
343,till
344,may
345,beauti
346,roll
347,sure
348,deep
349,arm
350,son
351,wind
352,bodi
353,forget
354,happi
355,understand
356,ai
357,best
358,ma
359,town
360,war
361,ah
362,listen
363,seen
364,der
365,sometim
366,lone
367,hell
368,morn
369,until
370,set
371,hurt
372,told
373,first
374,knew
375,goe
376,round
377,em
378,alright
379,music
380,sea
381,truth
382,qui
383,beat
384,nicht
385,eu
386,las
387,todo
388,pass
389,under
390,del
391,late
392,after
393,ani
394,ground
395,fool
396,pas
397,broken
398,goodby
399,das
400,des
401,kind
402,wall
403,angel
404,est
405,road
406,reason
407,dan
408,money
409,chanc
410,quiero
411,mai
412,part
413,matter
414,learn
415,els
416,rise
417,pour
418,saw
419,grow
420,ha
421,sit
422,land
423,fade
424,air
425,took
426,nobodi
427,ne
428,fill
429,easi
430,game
431,follow
432,wake
433,anyth
434,aliv
435,solo
436,water
437,heard
438,though
439,white
440,vida
441,ist
442,voic
443,woman
444,blind
445,each
446,citi
447,young
448,lay
449,moon
450,reach
451,readi
452,fine
453,soon
454,shit
455,along
456,à
457,crazi
458,past
459,red
460,room
461,such
462,ein
463,step
464,scream
465,tomorrow
466,control
467,memori
468,strong
469,hit
470,everyon
471,wast
472,não
473,men
474,earth
475,s
476,upon
477,final
478,shake
479,im
480,abov
481,ja
482,moment
483,rest
484,guess
485,hous
486,born
487,somebodi
488,feet
489,mas
490,sad
491,laugh
492,esta
493,happen
494,went
495,cest
496,blow
497,noch
498,meet
499,whole
500,lover
501,drive
502,car
503,lead
504,su
505,veri
506,ni
507,promis
508,bed
509,apart
510,um
511,empti
512,shadow
513,full
514,begin
515,pull
516,child
517,pretti
518,drink
519,pray
520,king
521,cut
522,t
523,power
524,gave
525,hay
526,peac
527,hang
528,next
529,ser
530,mother
531,é
532,cuando
533,between
534,pay
535,carri
536,tire
537,speak
538,lot
539,tree
540,den
541,skin
542,tout
543,til
544,slow
545,sinc
546,anymor
547,kid
548,clear
549,mich
550,jesus
551,differ
552,fast
553,becom
554,nigga
555,va
556,gun
557,nos
558,zu
559,más
560,river
561,faith
562,floor
563,cross
564,ladi
565,near
566,fun
567,ring
568,answer
569,pero
570,afraid
571,jag
572,repeat
573,great
574,stori
575,yet
576,cannot
577,hot
578,wir
579,nada
580,hour
581,summer
582,stone
583,bleed
584,sign
585,mir
586,lyric
587,children
588,trust
589,wild
590,felt
591,troubl
592,honey
593,sick
594,perfect
595,human
596,bright
597,bien
598,mama
599,dich
600,parti
601,train
602,plan
603,porqu
604,sorri
605,plus
606,hair
607,secret
608,silenc
609,tast
610,brother
611,throw
612,within
613,per
614,push
615,m
616,somewher
617,three
618,cloud
619,shall
620,vez
621,low
622,window
623,knee
624,lip
625,futur
626,dear
627,search
628,2
629,sie
630,drop
631,det
632,cool
633,flame
634,outsid
635,worri
636,bout
637,goin
638,met
639,stare
640,sight
641,most
642,mon
643,voy
644,across
645,wear
646,wave
647,tus
648,pick
649,er
650,send
651,siempr
652,wie
653,bone
654,flow
655,piec
656,soy
657,uh
658,thank
659,mis
660,straight
661,blame
662,catch
663,au
664,ce
665,tight
666,&
667,mile
668,holi
669,darl
670,auf
671,mouth
672,christma
673,which
674,moi
675,against
676,mad
677,both
678,share
679,caught
680,father
681,read
682,warm
683,wing
684,nunca
685,belong
686,damn
687,eat
688,win
689,sens
690,comm
691,u
692,fell
693,evil
694,dem
695,ho
696,pictur
697,second
698,nowher
699,dog
700,rule
701,une
702,mal
703,mountain
704,joy
705,mit
706,top
707,och
708,tan
709,som
710,bit
711,cover
712,point
713,thousand
714,hoy
715,n
716,gold
717,bell
718,è
719,devil
720,bird
721,sur
722,quit
723,brain
724,return
725,build
726,kick
727,rose
728,bitch
729,babe
730,guy
731,whoa
732,shame
733,mein
734,space
735,whisper
736,tiempo
737,cos
738,write
739,dir
740,tengo
741,count
742,slip
743,ver
744,desir
745,sei
746,nice
747,weak
748,rais
749,jai
750,ocean
751,number
752,drown
753,spirit
754,scare
755,strang
756,ik
757,half
758,known
759,pretend
760,worth
761,someday
762,act
763,beyond
764,fair
765,million
766,finger
767,question
768,doubt
769,meant
770,smoke
771,comin
772,flesh
773,dawn
774,daddi
775,storm
776,hole
777,color
778,jump
779,remain
780,mundo
781,etern
782,nothin
783,buy
784,nur
785,anyon
786,dress
787,1
788,minut
789,dont
790,pra
791,snow
792,d
793,dig
794,estoy
795,forc
796,spend
797,shot
798,everyday
799,puedo
800,tú
801,chain
802,dri
803,grace
804,green
805,glori
806,doch
807,everywher
808,freedom
809,realiz
810,lock
811,pride
812,whatev
813,feed
814,mistak
815,vers
816,fate
817,meu
818,escap
819,wash
820,mess
821,você
822,sand
823,front
824,forgiv
825,vi
826,winter
827,tanto
828,magic
829,flower
830,pa
831,closer
832,safe
833,wenn
834,sol
835,bless
836,suffer
837,longer
838,dein
839,hello
840,san
841,grave
842,alreadi
843,yesterday
844,wide
845,radio
846,sorrow
847,ten
848,tien
849,phone
850,crawl
851,surviv
852,ay
853,tie
854,exist
855,anyway
856,io
857,spin
858,insan
859,nous
860,slowli
861,dond
862,ear
863,crowd
864,clean
865,natur
866,knock
867,four
868,poor
869,loud
870,shoe
871,bar
872,está
873,ass
874,lovin
875,higher
876,race
877,silent
878,lift
879,destroy
880,cuz
881,soft
882,paint
883,mar
884,dirti
885,check
886,ta
887,held
888,vie
889,shout
890,sail
891,twist
892,guitar
893,simpl
894,quand
895,sa
896,ei
897,deni
898,fail
899,van
900,famili
901,vision
902,toi
903,lookin
904,track
905,broke
906,dia
907,state
908,welcom
909,ghost
910,almost
911,shut
912,entr
913,somehow
914,glass
915,yea
916,gent
917,choos
918,für
919,bin
920,glad
921,shoot
922,ell
923,small
924,hill
925,wine
926,treat
927,dos
928,stranger
929,regret
930,refrain
931,corazón
932,machin
933,problem
934,feelin
935,sister
936,era
937,steal
938,endless
939,vai
940,awak
941,key
942,grand
943,cada
944,age
945,bridg
946,dust
947,wit
948,merci
949,wheel
950,ere
951,crack
952,taken
953,prais
954,heal
955,queen
956,mirror
957,von
958,corner
959,ba
960,ago
961,buri
962,book
963,ahora
964,climb
965,quando
966,okay
967,cloth
968,band
969,school
970,stick
971,är
972,circl
973,ou
974,tv
975,don
976,strength
977,og
978,five
979,countri
980,beneath
981,sunshin
982,sabe
983,alma
984,ice
985,ça
986,bound
987,less
988,sell
989,tongu
990,path
991,cielo
992,travel
993,hasta
994,hat
995,rather
996,heat
997,innoc
998,confus
999,cosa
1000,golden
1001,ohh
1002,mari
1003,singl
1004,ahead
1005,bye
1006,silver
1007,tryin
1008,doo
1009,mes
1010,sai
1011,chase
1012,pued
1013,più
1014,few
1015,sein
1016,scene
1017,smell
1018,funni
1019,enemi
1020,swear
1021,på
1022,ball
1023,beg
1024,sind
1025,x2
1026,prayer
1027,wound
1028,otra
1029,ton
1030,disappear
1031,besid
1032,hace
1033,toda
1034,ignor
1035,mr
1036,yall
1037,style
1038,ihr
1039,brought
1040,given
1041,quiet
1042,rage
1043,mano
1044,realiti
1045,sink
1046,3
1047,quier
1048,spread
1049,crime
1050,vain
1051,nadi
1052,fallen
1053,self
1054,decid
1055,ella
1056,c
1057,fue
1058,imagin
1059,hier
1060,stuck
1061,view
1062,vas
1063,kept
1064,demon
1065,sui
1066,busi
1067,ok
1068,record
1069,law
1070,choic
1071,har
1072,fit
1073,remind
1074,emot
1075,field
1076,crash
1077,suppos
1078,sen
1079,cmon
1080,dentro
1081,mehr
1082,danger
1083,sich
1084,letter
1085,midnight
1086,com
1087,kein
1088,nation
1089,edg
1090,surpris
1091,rien
1092,murder
1093,deal
1094,complet
1095,loos
1096,price
1097,instrument
1098,luck
1099,rip
1100,drift
1101,poison
1102,battl
1103,livin
1104,gimm
1105,gettin
1106,haunt
1107,sex
1108,proud
1109,re
1110,heavi
1111,guid
1112,nie
1113,drag
1114,middl
1115,bare
1116,dare
1117,bang
1118,ojo
1119,pure
1120,embrac
1121,aus
1122,suck
1123,stupid
1124,fake
1125,week
1126,news
1127,tes
1128,master
1129,float
1130,satisfi
1131,sent
1132,christ
1133,fait
1134,scar
1135,bear
1136,dime
1137,quick
1138,het
1139,poi
1140,swing
1141,below
1142,prove
1143,figur
1144,diamond
1145,none
1146,instead
1147,pleasur
1148,curs
1149,rich
1150,cat
1151,spent
1152,seek
1153,paper
1154,mysteri
1155,passion
1156,brand
1157,siento
1158,bomb
1159,luz
1160,bitter
1161,tender
1162,fact
1163,job
1164,qué
1165,bet
1166,oooh
1167,sempr
1168,cast
1169,sono
1170,trip
1171,pack
1172,explain
1173,talkin
1174,lucki
1175,ci
1176,l
1177,eso
1178,special
1179,mark
1180,form
1181,shoulder
1182,warn
1183,creat
1184,seven
1185,ship
1186,bist
1187,miseri
1188,sunday
1189,six
1190,quien
1191,tune
1192,wrap
1193,muy
1194,pop
1195,surround
1196,doin
1197,hero
1198,gate
1199,comfort
1200,han
1201,2x
1202,rush
1203,drug
1204,fuckin
1205,mejor
1206,vivir
1207,least
1208,short
1209,sé
1210,dann
1211,cruel
1212,par
1213,rhyme
1214,written
1215,swallow
1216,wander
1217,reflect
1218,dice
1219,aunqu
1220,tide
1221,join
1222,bottl
1223,steel
1224,paradis
1225,mia
1226,día
1227,cant
1228,auch
1229,wife
1230,shore
1231,leg
1232,somethin
1233,draw
1234,slave
1235,march
1236,jour
1237,algo
1238,beso
1239,immer
1240,swim
1241,built
1242,tempo
1243,women
1244,corazon
1245,om
1246,fix
1247,trap
1248,torn
1249,vein
1250,estar
1251,releas
1252,hors
1253,casa
1254,spell
1255,glow
1256,grab
1257,denn
1258,drum
1259,bite
1260,brown
1261,won
1262,i’m
1263,sugar
1264,forgotten
1265,stronger
1266,rhythm
1267,victim
1268,messag
1269,later
1270,person
1271,darlin
1272,así
1273,poco
1274,avec
1275,huh
1276,dat
1277,dio
1278,uma
1279,sudden
1280,stood
1281,att
1282,hundr
1283,kann
1284,runnin
1285,sólo
1286,season
1287,sueño
1288,surrend
1289,bore
1290,vou
1291,crush
1292,histori
1293,wont
1294,luna
1295,ourselv
1296,verdad
1297,weight
1298,mí
1299,4
1300,lust
1301,dolor
1302,park
1303,expect
1304,só
1305,speed
1306,shade
1307,calm
1308,bow
1309,bend
1310,mig
1311,strike
1312,thrill
1313,anim
1314,aquí
1315,leben
1316,thunder
1317,soldier
1318,vous
1319,hacer
1320,west
1321,destini
1322,spit
1323,ran
1324,twice
1325,drunk
1326,page
1327,med
1328,desert
1329,block
1330,tall
1331,anywher
1332,distanc
1333,mio
1334,spring
1335,gather
1336,g
1337,temp
1338,foi
1339,cuerpo
1340,dollar
1341,echo
1342,knife
1343,melt
1344,mujer
1345,anybodi
1346,otro
1347,aqui
1348,så
1349,grey
1350,asleep
1351,gentl
1352,sem
1353,direct
1354,load
1355,divin
1356,earli
1357,toward
1358,kun
1359,weather
1360,ash
1361,ve
1362,os
1363,seed
1364,highway
1365,harder
1366,sus
1367,boom
1368,esa
1369,attack
1370,action
1371,thee
1372,fin
1373,quon
1374,art
1375,pie
1376,club
1377,wird
1378,contigo
1379,kan
1380,rap
1381,case
1382,hab
1383,tous
1384,thinkin
1385,metal
1386,underneath
1387,breez
1388,teeth
1389,respect
1390,outta
1391,john
1392,neck
1393,precious
1394,nine
1395,idea
1396,rainbow
1397,thi
1398,lieb
1399,laid
1400,offer
1401,gut
1402,saber
1403,een
1404,nois
1405,begun
1406,resist
1407,garden
1408,sigh
1409,bag
1410,disguis
1411,noon
1412,quem
1413,string
1414,colour
1415,nu
1416,ooo
1417,gift
1418,aint
1419,shape
1420,york
1421,jetzt
1422,schon
1423,teach
1424,don’t
1425,test
1426,lado
1427,arriv
1428,amar
1429,diseas
1430,sold
1431,clock
1432,flash
1433,youth
1434,box
1435,rot
1436,lugar
1437,mighti
1438,certain
1439,protect
1440,mond
1441,ruin
1442,romanc
1443,vamo
1444,sweat
1445,fantasi
1446,vien
1447,kinda
1448,nacht
1449,deserv
1450,piel
1451,jeg
1452,hora
1453,univers
1454,desper
1455,ach
1456,hall
1457,anger
1458,beast
1459,stuff
1460,jack
1461,tabl
1462,punk
1463,movi
1464,tudo
1465,niggaz
1466,feliz
1467,mucho
1468,nightmar
1469,doctor
1470,freak
1471,marri
1472,crown
1473,serv
1474,satan
1475,hallelujah
1476,amigo
1477,trace
1478,main
1479,nem
1480,makin
1481,prison
1482,moonlight
1483,voz
1484,thin
1485,deeper
1486,appear
1487,amaz
1488,bought
1489,weep
1490,walkin
1491,ant
1492,même
1493,chi
1494,voi
1495,hungri
1496,wire
1497,pocket
1498,jamai
1499,note
1500,south
1501,eh
1502,woke
1503,momento
1504,illus
1505,nail
1506,junto
1507,paid
1508,bis
1509,liar
1510,bottom
1511,plain
1512,ill
1513,notic
1514,melodi
1515,alla
1516,camino
1517,destruct
1518,daughter
1519,eas
1520,fat
1521,whenev
1522,ador
1523,church
1524,bill
1525,card
1526,cours
1527,nake
1528,sacrific
1529,zeit
1530,system
1531,pensar
1532,order
1533,stage
1534,celebr
1535,hip
1536,total
1537,welt
1538,sera
1539,fist
1540,dit
1541,wors
1542,suicid
1543,dove
1544,bullet
1545,senza
1546,johnni
1547,gain
1548,quero
1549,grown
1550,wherev
1551,slide
1552,minha
1553,fa
1554,folk
1555,nach
1556,hurri
1557,lang
1558,seu
1559,igual
1560,vill
1561,uno
1562,kingdom
1563,trick
1564,wrote
1565,encor
1566,tem
1567,choke
1568,ll
1569,dame
1570,boat
1571,tough
1572,sang
1573,ese
1574,beer
1575,eras
1576,cup
1577,brave
1578,reveal
1579,distant
1580,trist
1581,worst
1582,wieder
1583,grass
1584,frozen
1585,ahh
1586,dass
1587,faster
1588,tard
1589,sua
1590,plane
1591,saturday
1592,woah
1593,taught
1594,generat
1595,viel
1596,cryin
1597,it’
1598,movin
1599,store
1600,shatter
1601,stream
1602,wood
1603,ganz
1604,sentir
1605,pressur
1606,wa
1607,sont
1608,charm
1609,bloodi
1610,yellow
1611,mo
1612,planet
1613,joke
1614,pound
1615,vivo
1616,struggl
1617,petit
1618,dumb
1619,suit
1620,present
1621,revolut
1622,nuestro
1623,dirt
1624,gon
1625,hollow
1626,será
1627,vece
1628,vos
1629,wick
1630,reign
1631,miracl
1632,rollin
1633,stain
1634,shelter
1635,lifetim
1636,claim
1637,accept
1638,ven
1639,judg
1640,av
1641,tale
1642,desd
1643,enter
1644,fault
1645,sale
1646,mim
1647,betray
1648,hast
1649,violenc
1650,chill
1651,lui
1652,recuerdo
1653,terror
1654,settl
1655,wet
1656,pena
1657,foot
1658,toujour
1659,unknown
1660,miedo
1661,lonesom
1662,nah
1663,excus
1664,rockin
1665,santa
1666,amo
1667,fever
1668,où
1669,doubl
1670,dire
1671,america
1672,var
1673,asi
1674,hidden
1675,b
1676,electr
1677,mass
1678,trop
1679,j
1680,já
1681,attent
1682,wise
1683,volver
1684,laughter
1685,fame
1686,groov
1687,mom
1688,niet
1689,mmm
1690,för
1691,waitin
1692,prepar
1693,esto
1694,due
1695,noi
1696,cure
1697,began
1698,x
1699,lesson
1700,là
1701,hook
1702,fish
1703,east
1704,hoe
1705,cop
1706,sou
1707,seat
1708,whose
1709,forgot
1710,bother
1711,chest
1712,situat
1713,candl
1714,cash
1715,valley
1716,quil
1717,further
1718,unit
1719,mira
1720,aim
1721,journey
1722,cell
1723,ao
1724,gray
1725,vita
1726,everytim
1727,tag
1728,throat
1729,heartach
1730,conmigo
1731,tortur
1732,mot
1733,cara
1734,imag
1735,min
1736,nuit
1737,birth
1738,woo
1739,refus
1740,sword
1741,fortun
1742,ces
1743,ima
1744,older
1745,spoken
1746,chose
1747,motion
1748,motherfuck
1749,fals
1750,enjoy
1751,oo
1752,fort
1753,tutto
1754,creep
1755,sayin
1756,trade
1757,hoo
1758,monkey
1759,food
1760,worship
1761,nel
1762,ancient
1763,confess
1764,coro
1765,sobr
1766,deja
1767,stole
1768,forward
1769,tua
1770,lamour
1771,fallin
1772,favorit
1773,faut
1774,toe
1775,toy
1776,nose
1777,favor
1778,american
1779,class
1780,cigarett
1781,maria
1782,intent
1783,pill
1784,poder
1785,spill
1786,cost
1787,shed
1788,po
1789,probabl
1790,among
1791,tanta
1792,dar
1793,clown
1794,consum
1795,saint
1796,fai
1797,mä
1798,connect
1799,chao
1800,mix
1801,dun
1802,goodnight
1803,amour
1804,sola
1805,numb
1806,viento
1807,nest
1808,salvat
1809,island
1810,wipe
1811,await
1812,spot
1813,f
1814,merri
1815,hombr
1816,chair
1817,press
1818,divid
1819,bust
1820,bem
1821,compani
1822,lick
1823,boot
1824,loneli
1825,constant
1826,dad
1827,bei
1828,cage
1829,mañana
1830,flight
1831,cè
1832,armi
1833,mood
1834,killer
1835,darkest
1836,drain
1837,underground
1838,polic
1839,querer
1840,fresh
1841,boogi
1842,lean
1843,pale
1844,niin
1845,vor
1846,ad
1847,explod
1848,sexi
1849,rape
1850,dick
1851,geht
1852,recal
1853,exact
1854,freez
1855,savior
1856,piti
1857,separ
1858,except
1859,candi
1860,frame
1861,honest
1862,religion
1863,ses
1864,vem
1865,yeux
1866,hunger
1867,station
1868,although
1869,bus
1870,onto
1871,pum
1872,aux
1873,trail
1874,mil
1875,boca
1876,leur
1877,spark
1878,ga
1879,peu
1880,decay
1881,bass
1882,demand
1883,command
1884,beach
1885,destin
1886,shi
1887,greed
1888,lack
1889,ela
1890,via
1891,weg
1892,vert
1893,fui
1894,whore
1895,5
1896,paso
1897,importa
1898,sat
1899,palabra
1900,monster
1901,stumbl
1902,komm
1903,quiera
1904,roam
1905,threw
1906,screen
1907,ancora
1908,thou
1909,harm
1910,gli
1911,date
1912,cheap
1913,north
1914,aw
1915,r
1916,root
1917,led
1918,rough
1919,loco
1920,energi
1921,ment
1922,despair
1923,gaze
1924,guilti
1925,hatr
1926,queda
1927,joe
1928,asid
1929,addict
1930,seal
1931,super
1932,iron
1933,wisdom
1934,scratch
1935,papa
1936,smash
1937,throne
1938,deceiv
1939,forth
1940,coffe
1941,ir
1942,ves
1943,weari
1944,posit
1945,jah
1946,ugli
1947,shop
1948,hood
1949,shell
1950,horizon
1951,w
1952,falta
1953,becam
1954,piss
1955,blade
1956,playin
1957,grew
1958,often
1959,ye
1960,gal
1961,victori
1962,receiv
1963,takin
1964,lightn
1965,allow
1966,mornin
1967,hammer
1968,lejo
1969,telephon
1970,cett
1971,admit
1972,rat
1973,nuevo
1974,flag
1975,truli
1976,doom
1977,dis
1978,loss
1979,sacr
1980,limit
1981,pasa
1982,bigger
1983,afternoon
1984,fed
1985,engin
1986,veux
1987,–
1988,foolish
1989,jean
1990,shock
1991,breed
1992,greatest
1993,mental
1994,soledad
1995,mismo
1996,tal
1997,angri
1998,ayer
1999,finish
2000,row
2001,vuelv
2002,convers
2003,plastic
2004,grip
2005,creation
2006,snake
2007,regard
2008,tick
2009,fan
2010,lit
2011,holiday
2012,somo
2013,int
2014,sue
2015,steadi
2016,tierra
2017,coat
2018,funki
2019,cheat
2020,sort
2021,drip
2022,teu
2023,zum
2024,abus
2025,possess
2026,undon
2027,llorar
2028,vocal
2029,dj
2030,hunt
2031,month
2032,possibl
2033,design
2034,depend
2035,sole
2036,daylight
2037,decis
2038,maar
2039,sous
2040,morir
2041,assim
2042,treasur
2043,california
2044,mare
2045,olvidar
2046,strip
2047,hum
2048,calor
2049,trembl
2050,weiß
2051,durch
2052,invit
2053,rope
2054,flood
2055,ticket
2056,ohn
2057,crew
2058,spoke
2059,sheet
2060,fuego
2061,cantar
2062,wreck
2063,cowboy
2064,allein
2065,needl
2066,decir
2067,common
2068,lung
2069,monday
2070,friday
2071,girlfriend
2072,piano
2073,mission
2074,veo
2075,destino
2076,perder
2077,rescu
2078,lazi
2079,coupl
2080,hi
2081,coeur
2082,p
2083,eight
2084,hai
2085,andar
2086,split
2087,quisiera
2088,mortal
2089,guard
2090,seul
2091,societi
2092,hotel
2093,easili
2094,anch
2095,fashion
2096,heel
2097,creatur
2098,sittin
2099,defeat
2100,ben
2101,excit
2102,pari
2103,hung
2104,ett
2105,lake
2106,tower
2107,dive
2108,estrella
2109,silencio
2110,curtain
2111,gas
2112,restless
2113,canto
2114,ond
2115,dum
2116,grant
2117,unless
2118,cheek
2119,type
2120,crumbl
2121,hail
2122,chosen
2123,sunni
2124,handl
2125,lá
2126,lion
2127,burnin
2128,disco
2129,bank
2130,match
2131,deux
2132,twenti
2133,aris
2134,replac
2135,heut
2136,you’r
2137,score
2138,mentira
2139,bon
2140,continu
2141,stretch
2142,inspir
2143,ol
2144,din
2145,forest
2146,callin
2147,questa
2148,coast
2149,mort
2150,questo
2151,belief
2152,tuo
2153,sunlight
2154,plant
2155,sever
2156,whip
2157,ray
2158,oder
2159,descend
2160,così
2161,simpli
2162,singin
2163,mirada
2164,mankind
2165,violent
2166,lane
2167,void
2168,hop
2169,weil
2170,mondo
2171,sunset
2172,thru
2173,silli
2174,corps
2175,lass
2176,behold
2177,normal
2178,agre
2179,abandon
2180,weapon
2181,wed
2182,bella
2183,reveng
2184,tini
2185,justic
2186,weekend
2187,meno
2188,mic
2189,nor
2190,bloom
2191,sam
2192,affair
2193,leader
2194,aber
2195,aah
2196,nerv
2197,10
2198,ohhh
2199,hush
2200,historia
2201,op
2202,caress
2203,either
2204,discov
2205,leavin
2206,helpless
2207,ghetto
2208,bread
2209,dancin
2210,x4
2211,tant
2212,hmm
2213,momma
2214,x3
2215,gibt
2216,tão
2217,vive
2218,pace
2219,gusta
2220,relax
2221,jam
2222,paz
2223,brick
2224,digo
2225,dei
2226,complain
2227,burden
2228,sunris
2229,also
2230,linger
2231,jungl
2232,hopeless
2233,abl
2234,agua
2235,bop
2236,fi
2237,pillow
2238,damag
2239,mister
2240,mask
2241,itself
2242,drove
2243,pump
2244,ska
2245,boss
2246,himself
2247,list
2248,whiskey
2249,moral
2250,affect
2251,conquer
2252,rosa
2253,tumbl
2254,album
2255,mend
2256,warrior
2257,sinner
2258,herz
2259,mientra
2260,tip
2261,express
2262,loser
2263,chant
2264,ogni
2265,crave
2266,crystal
2267,diga
2268,perché
2269,thrown
2270,quell
2271,encontrar
2272,bay
2273,bee
2274,fruit
2275,hangin
2276,billi
2277,hollywood
2278,parad
2279,allt
2280,bailar
2281,weed
2282,ciudad
2283,switch
2284,wat
2285,soir
2286,stab
2287,asham
2288,vent
2289,collect
2290,macht
2291,truck
2292,instant
2293,terra
2294,temptat
2295,kuin
2296,skull
2297,ora
2298,ed
2299,fare
2300,rebel
2301,meat
2302,autumn
2303,bom
2304,viver
2305,london
2306,jos
2307,deliv
2308,perdido
2309,cuor
2310,doll
2311,downtown
2312,pink
2313,v
2314,owe
2315,quun
2316,sigu
2317,howl
2318,gana
2319,heartbeat
2320,core
2321,butterfli
2322,aquel
2323,chick
2324,della
2325,bastard
2326,wer
2327,noit
2328,imposs
2329,sangr
2330,easier
2331,clue
2332,li
2333,fuera
2334,shiver
2335,pool
2336,presenc
2337,dread
2338,surfac
2339,nient
2340,occhi
2341,pienso
2342,conscienc
2343,zero
2344,pelo
2345,alguien
2346,blaze
2347,squeez
2348,blast
2349,haben
2350,dope
2351,bruis
2352,pue
2353,tea
2354,honor
2355,ze
2356,6
2357,lamb
2358,q
2359,recogn
2360,flor
2361,whistl
2362,roof
2363,givin
2364,gang
2365,bewar
2366,tomb
2367,lei
2368,euch
2369,seguir
2370,wow
2371,clap
2372,squar
2373,forma
2374,workin
2375,rider
2376,appl
2377,modern
2378,tellin
2379,magazin
2380,cha
2381,coz
2382,inner
2383,impress
2384,drawn
2385,smart
2386,harmoni
2387,govern
2388,iâm
2389,quest
2390,gran
2391,volar
2392,bliss
2393,yuh
2394,polit
2395,dim
2396,tour
2397,pant
2398,cheer
2399,quer
2400,familiar
2401,fought
2402,roar
2403,dicen
2404,när
2405,pen
2406,obsess
2407,centuri
2408,i´m
2409,failur
2410,jail
2411,parec
2412,confid
2413,meg
2414,kneel
2415,spare
2416,pin
2417,vaya
2418,import
2419,mourn
2420,hablar
2421,giorno
2422,yearn
2423,cuenta
2424,guilt
2425,solut
2426,terr
2427,focus
2428,cling
2429,concret
2430,horror
2431,sore
2432,dom
2433,unfold
2434,bounc
2435,nun
2436,goal
2437,selfish
2438,knowledg
2439,canción
2440,awaken
2441,bath
2442,kommt
2443,delight
2444,hesit
2445,fond
2446,parol
2447,courag
2448,serious
2449,whether
2450,ter
2451,sweetest
2452,useless
2453,invis
2454,film
2455,ole
2456,themselv
2457,male
2458,alcohol
2459,sake
2460,sway
2461,relat
2462,nott
2463,tra
2464,stair
2465,parent
2466,advic
2467,grind
2468,negro
2469,vento
2470,riot
2471,sombra
2472,blown
2473,bajo
2474,7
2475,saa
2476,burst
2477,quel
2478,size
2479,sheep
2480,fold
2481,captur
2482,dies
2483,texa
2484,lee
2485,dwell
2486,frighten
2487,fragil
2488,einen
2489,ave
2490,can’t
2491,hacia
2492,blew
2493,chicken
2494,thorn
2495,teenag
2496,everlast
2497,zone
2498,tape
2499,feather
2500,necesito
2501,compar
2502,agora
2503,loin
2504,pig
2505,carv
2506,plagu
2507,tiger
2508,flat
2509,dee
2510,punch
2511,bueno
2512,slaughter
2513,funk
2514,deseo
2515,ami
2516,nervous
2517,tragedi
2518,thick
2519,mijn
2520,fenc
2521,anytim
2522,backward
2523,brighter
2524,voir
2525,envi
2526,complic
2527,captain
2528,purpos
2529,ordinari
2530,nuestra
2531,grin
2532,mer
2533,infect
2534,spine
2535,ought
2536,defend
2537,photograph
2538,tha
2539,prey
2540,patient
2541,nombr
2542,flip
2543,mc
2544,mist
2545,toss
2546,castl
2547,ici
2548,horn
2549,secur
2550,jane
2551,k
2552,sä
2553,sympathi
2554,creo
2555,baila
2556,trash
2557,shirt
2558,twilight
2559,pair
2560,dreamer
2561,compromis
2562,board
2563,veil
2564,error
2565,standin
2566,ke
2567,realis
2568,devot
2569,solid
2570,babylon
2571,fanci
2572,ding
2573,kom
2574,faz
2575,cerca
2576,eg
2577,holdin
2578,justifi
2579,alor
2580,pearl
2581,domin
2582,soleil
2583,estaba
2584,origin
2585,llegar
2586,reject
2587,awhil
2588,sag
2589,milk
2590,tener
2591,sweetheart
2592,lil
2593,content
2594,samba
2595,extra
2596,ka
2597,rotten
2598,sucker
2599,salt
2600,bat
2601,worn
2602,toll
2603,pi
2604,buscando
2605,yard
2606,leather
2607,astray
2608,shift
2609,third
2610,grief
2611,azul
2612,upsid
2613,buck
2614,jingl
2615,witch
2616,dune
2617,borrow
2618,zijn
2619,ont
2620,kitchen
2621,bedroom
2622,sient
2623,sigo
2624,cream
2625,birthday
2626,limb
2627,court
2628,tom
2629,neon
2630,teacher
2631,meer
2632,overcom
2633,depress
2634,ingen
2635,juli
2636,scatter
2637,pussi
2638,pile
2639,jealous
2640,bum
2641,rocket
2642,jimmi
2643,habit
2644,dor
2645,sensat
2646,corrupt
2647,righteous
2648,neighbor
2649,rob
2650,moan
2651,quello
2652,dormir
2653,virgin
2654,labio
2655,port
2656,libertad
2657,depth
2658,revel
2659,pasar
2660,screw
2661,stress
2662,wolf
2663,sto
2664,augen
2665,él
2666,rum
2667,sir
2668,voor
2669,beau
2670,espera
2671,beam
2672,add
2673,farewel
2674,shower
2675,concern
2676,pasado
2677,measur
2678,oui
2679,licht
2680,voglio
2681,4x
2682,raini
2683,remov
2684,ceas
2685,tail
2686,ive
2687,apolog
2688,peur
2689,border
2690,breakin
2691,viva
2692,charg
2693,mij
2694,frustrat
2695,perfum
2696,bent
2697,bubbl
2698,unto
2699,dag
2700,terribl
2701,ciel
2702,eve
2703,disgrac
2704,soil
2705,pro
2706,puerta
2707,wrath
2708,mun
2709,dreamin
2710,feast
2711,nas
2712,reaction
2713,duel
2714,9
2715,scheme
2716,awar
2717,smooth
2718,shallow
2719,razón
2720,pode
2721,trigger
2722,patienc
2723,fatal
2724,brazo
2725,warmth
2726,nai
2727,ceil
2728,agoni
2729,sweep
2730,starv
2731,deje
2732,princ
2733,olho
2734,collaps
2735,fuel
2736,david
2737,skip
2738,entend
2739,greet
2740,haze
2741,wore
2742,crow
2743,pueda
2744,coup
2745,guerra
2746,å
2747,vale
2748,fe
2749,privat
2750,nyt
2751,jame
2752,herself
2753,bullshit
2754,teardrop
2755,commit
2756,blink
2757,pensando
2758,disast
2759,lon
2760,ang
2761,olvido
2762,siren
2763,glorious
2764,frown
2765,glanc
2766,absolut
2767,vuelvo
2768,convinc
2769,palm
2770,guarante
2771,mention
2772,ridin
2773,rent
2774,mike
2775,vaan
2776,sentiment
2777,tutti
2778,heartbreak
2779,pobr
2780,haut
2781,año
2782,unser
2783,corp
2784,vow
2785,ele
2786,tristeza
2787,stray
2788,vuoi
2789,oi
2790,punish
2791,libr
2792,fondo
2793,i’ll
2794,morgen
2795,televis
2796,cama
2797,suffoc
2798,mann
2799,click
2800,torment
2801,repent
2802,fri
2803,contra
2804,condit
2805,alt
2806,teas
2807,linda
2808,prize
2809,michael
2810,yell
2811,jou
2812,jo
2813,ego
2814,donât
2815,ander
2816,cook
2817,cave
2818,darken
2819,mut
2820,attitud
2821,collid
2822,adesso
2823,mirar
2824,mitt
2825,sleev
2826,parar
2827,despué
2828,sting
2829,plenti
2830,werd
2831,coração
2832,gay
2833,devour
2834,peut
2835,eagl
2836,fors
2837,equal
2838,empir
2839,prend
2840,balanc
2841,ala
2842,går
2843,cultur
2844,soak
2845,jeder
2846,quarter
2847,tone
2848,herida
2849,amanec
2850,summertim
2851,unseen
2852,thang
2853,sharp
2854,proof
2855,sonrisa
2856,earn
2857,preacher
2858,über
2859,base
2860,belli
2861,mach
2862,lullabi
2863,louder
2864,dulc
2865,panic
2866,flore
2867,social
2868,werden
2869,rang
2870,cock
2871,shown
2872,sung
2873,understood
2874,progress
2875,cambiar
2876,strand
2877,seh
2878,role
2879,despertar
2880,bride
2881,crook
2882,fiesta
2883,3x
2884,thug
2885,bind
2886,quoi
2887,notr
2888,shove
2889,suert
2890,gangsta
2891,frent
2892,cherri
2893,mill
2894,há
2895,oil
2896,coisa
2897,dude
2898,deed
2899,oclock
2900,cabeza
2901,st
2902,tres
2903,ama
2904,drank
2905,strain
2906,espero
2907,muert
2908,dragon
2909,homm
2910,wrist
2911,team
2912,jen
2913,thirst
2914,einfach
2915,basta
2916,playa
2917,pronto
2918,avoid
2919,inch
2920,ecstasi
2921,muero
2922,inform
2923,mud
2924,deus
2925,gehen
2926,madr
2927,purpl
2928,nog
2929,razor
2930,rust
2931,femm
2932,famous
2933,pui
2934,defin
2935,atrá
2936,don´t
2937,bold
2938,bibl
2939,pit
2940,kaikki
2941,burnt
2942,choir
2943,trial
2944,essa
2945,entertain
2946,penni
2947,comment
2948,rio
2949,här
2950,bras
2951,tenho
2952,demis
2953,serpent
2954,lleva
2955,alguna
2956,emerg
2957,rue
2958,stolen
2959,ooooh
2960,alarm
2961,autr
2962,hug
2963,arrow
2964,buena
2965,templ
2966,también
2967,rejoic
2968,bene
2969,code
2970,vuelva
2971,damour
2972,itâ
2973,taim
2974,dancer
2975,odd
2976,gloria
2977,map
2978,adio
2979,presid
2980,aha
2981,afford
2982,southern
2983,mala
2984,drivin
2985,rag
2986,organ
2987,experi
2988,spite
2989,boil
2990,movement
2991,highest
2992,avant
2993,immort
2994,pens
2995,plate
2996,cake
2997,esperando
2998,esperar
2999,az
3000,qu
3001,bobbi
3002,slam
3003,jet
3004,vom
3005,chanson
3006,halt
3007,soar
3008,cancion
3009,bob
3010,swell
3011,bo
3012,warum
3013,pot
3014,funer
3015,christian
3016,gen
3017,yeh
3018,niño
3019,risk
3020,ritmo
3021,felicidad
3022,scienc
3023,plead
3024,llevo
3025,vu
3026,drinkin
3027,maker
3028,amen
3029,giant
3030,level
3031,raw
3032,nella
3033,ess
3034,flew
3035,8
3036,até
3037,languag
3038,deepest
3039,pido
3040,zurück
3041,encuentro
3042,motor
3043,visit
3044,z
3045,sweeter
3046,pose
3047,aldrig
3048,cradl
3049,obey
3050,goddamn
3051,threat
3052,partir
3053,hoje
3054,driver
3055,attract
3056,buddi
3057,public
3058,avenu
3059,taa
3060,co
3061,busco
3062,tempt
3063,chemic
3064,jone
3065,shakin
3066,ny
3067,mie
3068,siamo
3069,nena
3070,vorrei
3071,bein
3072,daili
3073,sta
3074,stack
3075,nasti
3076,satisfact
3077,center
3078,tame
3079,pierc
3080,obvious
3081,worthi
3082,pourquoi
3083,consid
3084,gar
3085,anda
3086,sparkl
3087,willst
3088,fulfil
3089,i’v
3090,prophet
3091,vanish
3092,pan
3093,slap
3094,quién
3095,hypnot
3096,spoon
3097,posso
3098,thread
3099,china
3100,chew
3101,quanto
3102,canta
3103,whatcha
3104,bump
3105,és
3106,humbl
3107,claw
3108,preach
3109,cadillac
3110,mate
3111,chaqu
3112,sí
3113,bond
3114,grain
3115,ninguém
3116,dieser
3117,são
3118,mucha
3119,voce
3120,cómo
3121,saniti
3122,blank
3123,già
3124,degre
3125,wither
3126,snap
3127,fog
3128,doy
3129,despis
3130,endur
3131,luce
3132,busca
3133,salir
3134,sip
3135,dedic
3136,pine
3137,alley
3138,rearrang
3139,saviour
3140,donn
3141,traffic
3142,sincer
3143,vad
3144,liberti
3145,volta
3146,gypsi
3147,pare
3148,ko
3149,struck
3150,deinen
3151,chip
3152,ut
3153,puls
3154,scent
3155,meinen
3156,lame
3157,stir
3158,chop
3159,fuert
3160,sehen
3161,condemn
3162,llena
3163,cleans
3164,neither
3165,buzz
3166,tai
3167,indian
3168,muss
3169,enfant
3170,negra
3171,rub
3172,prima
3173,blowin
3174,cancer
3175,solitud
3176,driven
3177,kommer
3178,klein
3179,sooner
3180,success
3181,media
3182,viejo
3183,blacken
3184,foreign
3185,vuelta
3186,greater
3187,sourc
3188,boyfriend
3189,medicin
3190,rare
3191,hago
3192,lace
3193,decemb
3194,colder
3195,camera
3196,quelqu
3197,bail
3198,sagt
3199,vivr
3200,tool
3201,oper
3202,crimin
3203,havin
3204,interest
3205,paul
3206,être
3207,llega
3208,vet
3209,runaway
3210,slept
3211,footstep
3212,sixteen
3213,fuerza
3214,priest
3215,nana
3216,egg
3217,intro
3218,aussi
3219,realidad
3220,turnin
3221,alien
3222,vengeanc
3223,kannst
3224,dejar
3225,stake
3226,días
3227,sonn
3228,noir
3229,sooth
3230,cuanto
3231,rein
3232,bara
3233,watchin
3234,sentido
3235,peel
3236,stormi
3237,player
3238,dinner
3239,hardest
3240,respons
3241,juego
3242,worm
3243,tak
3244,aye
3245,ar
3246,perhap
3247,dizer
3248,orlean
3249,blond
3250,critic
3251,stomach
3252,niemand
3253,toast
3254,oye
3255,bug
3256,crucifi
3257,sailor
3258,steam
3259,clever
3260,claus
3261,uncl
3262,graviti
3263,chica
3264,reap
3265,sento
3266,farm
3267,opinion
3268,estamo
3269,whom
3270,blir
3271,grasp
3272,mamma
3273,tore
3274,dale
3275,hurrican
3276,mesmo
3277,thief
3278,za
3279,tuoi
3280,vibe
3281,shini
3282,muerto
3283,sidewalk
3284,passa
3285,conscious
3286,glove
3287,perform
3288,lluvia
3289,winner
3290,consequ
3291,cantando
3292,bleibt
3293,buscar
3294,sentimiento
3295,disappoint
3296,ann
3297,lamor
3298,oss
3299,amant
3300,ki
3301,zo
3302,jede
3303,satellit
3304,tattoo
3305,muito
3306,weit
3307,tas
3308,deg
3309,usual
3310,hecho
3311,cocain
3312,tot
3313,tuesday
3314,tension
3315,rout
3316,educ
3317,bitt
3318,zombi
3319,ohoh
3320,mieux
3321,furi
3322,alter
3323,lend
3324,valu
3325,ainda
3326,coal
3327,tí
3328,mommi
3329,velvet
3330,blanket
3331,drama
3332,bowl
3333,orang
3334,amart
3335,uhh
3336,reborn
3337,angst
3338,lotta
3339,lyin
3340,especi
3341,conceal
3342,rid
3343,ideal
3344,dal
3345,sos
3346,willi
3347,sentenc
3348,tête
3349,dell
3350,adió
3351,tar
3352,button
3353,nao
3354,strap
3355,meinem
3356,display
3357,aan
3358,fra
3359,ihn
3360,tap
3361,sagen
3362,miei
3363,hon
3364,signal
3365,sul
3366,shook
3367,dot
3368,jewel
3369,himmel
3370,vine
3371,redeem
3372,musica
3373,cow
3374,einer
3375,termin
3376,meus
3377,pattern
3378,ur
3379,throughout
3380,younger
3381,coin
3382,verso
3383,deaf
3384,ahhh
3385,expos
3386,compass
3387,personn
3388,donna
3389,num
3390,describ
3391,lower
3392,brush
3393,alegria
3394,mm
3395,outro
3396,fazer
3397,tangl
3398,instinct
3399,effect
3400,approach
3401,breast
3402,volt
3403,naar
3404,dart
3405,wil
3406,franc
3407,ow
3408,repli
3409,provid
3410,fim
3411,declar
3412,nuclear
3413,swore
3414,ez
3415,llama
3416,vino
3417,están
3418,solv
3419,piensa
3420,steht
3421,distort
3422,lair
3423,rubber
3424,factori
3425,post
3426,artist
3427,anni
3428,peter
3429,biggest
3430,brutal
3431,extrem
3432,english
3433,jij
3434,jerk
3435,aún
3436,calma
3437,laiss
3438,debt
3439,perch
3440,shield
3441,mía
3442,esperanza
3443,haar
3444,doi
3445,redempt
3446,model
3447,sido
3448,weigh
3449,resurrect
3450,alto
3451,curl
3452,cent
3453,june
3454,slice
3455,mitä
3456,sha
3457,olen
3458,insecur
3459,coward
3460,ra
3461,usa
3462,finn
3463,georgia
3464,estou
3465,cute
3466,cruis
3467,mexico
3468,invad
3469,jealousi
3470,futuro
3471,fuist
3472,dejo
3473,halo
3474,tras
3475,beaten
3476,luego
3477,shelf
3478,motiv
3479,twelv
3480,it´
3481,rumor
3482,tennesse
3483,swept
3484,anna
3485,jaim
3486,nosso
3487,nuh
3488,jamá
3489,contain
3490,nein
3491,wort
3492,ate
3493,sleigh
3494,schön
3495,champagn
3496,aun
3497,defens
3498,deceit
3499,weird
3500,relief
3501,tá
3502,product
3503,dip
3504,zwei
3505,12
3506,gesicht
3507,singer
3508,vera
3509,vielleicht
3510,spi
3511,target
3512,souvenir
3513,stereo
3514,bij
3515,rude
3516,manera
3517,ab
3518,reli
3519,woh
3520,harvest
3521,corpo
3522,liquid
3523,fucker
3524,exit
3525,sonho
3526,20
3527,woe
3528,web
3529,casi
3530,facil
3531,princess
3532,einmal
3533,muscl
3534,booti
3535,blur
3536,ii
3537,ahí
3538,duck
3539,respirar
3540,minä
3541,evid
3542,idiot
3543,breakdown
3544,liber
3545,sow
3546,georg
3547,dans
3548,einem
3549,flyin
3550,symphoni
3551,ficar
3552,automat
3553,robot
3554,igen
3555,realm
3556,practic
3557,distract
3558,extraño
3559,judgement
3560,sane
3561,april
3562,caer
3563,gear
3564,vicious
3565,womb
3566,visto
3567,h
3568,major
3569,willow
3570,neighborhood
3571,static
3572,wealth
3573,reel
3574,yer
3575,isol
3576,joint
3577,dónde
3578,venus
3579,dijo
3580,evri
3581,wolv
3582,ventana
3583,lala
3584,cariño
3585,dinero
3586,africa
3587,coraz
3588,homi
3589,sock
3590,arena
3591,support
3592,credit
3593,regga
3594,repres
3595,miro
3596,matin
3597,sleepi
3598,worthless
3599,video
3600,griev
3601,meiner
3602,branch
3603,achiev
3604,denk
3605,vielä
3606,demain
3607,maze
3608,knockin
3609,correct
3610,dial
3611,file
3612,misma
3613,soi
3614,malo
3615,filthi
3616,jim
3617,juic
3618,convict
3619,cycl
3620,ceux
3621,perdu
3622,ello
3623,disturb
3624,pein
3625,chocol
3626,rapper
3627,olvid
3628,forgiven
3629,sinn
3630,tend
3631,corpor
3632,tunnel
3633,loca
3634,dai
3635,legend
3636,dimens
3637,tief
3638,idol
3639,dyin
3640,forsaken
3641,allá
3642,fella
3643,physic
3644,matar
3645,tragic
3646,gris
3647,soll
3648,forti
3649,communic
3650,dough
3651,england
3652,denial
3653,där
3654,liv
3655,local
3656,algún
3657,urg
3658,céu
3659,hijo
3660,taxi
3661,ambit
3662,voyag
3663,locura
3664,mere
3665,dull
3666,unleash
3667,tread
3668,smokin
3669,william
3670,gleam
3671,civil
3672,defi
3673,haga
3674,amongst
3675,ob
3676,heed
3677,bull
3678,host
3679,dieu
3680,villag
3681,unkind
3682,altar
3683,arriba
3684,sal
3685,lisa
3686,bunch
3687,croi
3688,weiter
3689,pardon
3690,aller
3691,despit
3692,ignit
3693,cotton
3694,nei
3695,dr
3696,verd
3697,phase
3698,porta
3699,gracia
3700,tue
3701,depoi
3702,link
3703,intern
3704,seventeen
3705,decirt
3706,shes
3707,coffin
3708,hound
3709,decept
3710,health
3711,frei
3712,alibi
3713,vengo
3714,bled
3715,rubi
3716,leaf
3717,attempt
3718,tienen
3719,llorando
3720,suelo
3721,thumb
3722,razon
3723,rode
3724,sober
3725,buen
3726,pela
3727,cum
3728,joka
3729,iâ
3730,crimson
3731,height
3732,frost
3733,acid
3734,glaub
3735,net
3736,pimp
3737,empezar
3738,font
3739,selbst
3740,shepherd
3741,hunter
3742,jive
3743,prevail
3744,jaw
3745,circus
3746,sia
3747,background
3748,fairi
3749,sufrir
3750,quieren
3751,symbol
3752,sabor
3753,geh
3754,sulla
3755,jeden
3756,peak
3757,plot
3758,guarda
3759,blanco
3760,manag
3761,safeti
3762,sleepless
3763,chez
3764,liquor
3765,narrow
3766,explos
3767,object
3768,there’
3769,meal
3770,unholi
3771,nós
3772,deiner
3773,untru
3774,wah
3775,fountain
3776,ô
3777,penso
3778,spider
3779,mata
3780,inde
3781,poet
3782,flicker
3783,vote
3784,tank
3785,salli
3786,scale
3787,halfway
3788,jsui
3789,traum
3790,keepin
3791,foe
3792,honesti
3793,creer
3794,missin
3795,torch
3796,infinit
3797,niña
3798,wär
3799,haus
3800,holler
3801,gott
3802,attend
3803,skill
3804,ref
3805,atom
3806,bas
3807,scorn
3808,cap
3809,hem
3810,keiner
3811,olhar
3812,vibrat
3813,faint
3814,nen
3815,offic
3816,pave
3817,peux
3818,stroll
3819,piu
3820,bello
3821,ahi
3822,voodoo
3823,cétait
3824,caricia
3825,knot
3826,thirti
3827,thigh
3828,tuyo
3829,tenga
3830,process
3831,duro
3832,estribillo
3833,gern
3834,valentin
3835,fright
3836,spiritu
3837,stock
3838,fiction
3839,senti
3840,memphi
3841,padr
3842,¿qué
3843,olla
3844,overwhelm
3845,mami
3846,glimps
3847,friendship
3848,vampir
3849,paralyz
3850,lifeless
3851,coke
3852,hardcor
3853,pistol
3854,bush
3855,cherish
3856,spiral
3857,infin
3858,weav
3859,sack
3860,bam
3861,hacen
3862,dalla
3863,inna
3864,chin
3865,parasit
3866,contact
3867,dado
3868,losin
3869,était
3870,fleur
3871,raus
3872,weh
3873,wage
3874,tambien
3875,dissolv
3876,won’t
3877,cu
3878,puoi
3879,superstar
3880,searchin
3881,ali
3882,nueva
3883,hart
3884,diss
3885,tenert
3886,whoo
3887,almighti
3888,unwind
3889,plea
3890,sexual
3891,dew
3892,negat
3893,bu
3894,spoil
3895,junki
3896,puppet
3897,gin
3898,blossom
3899,fuss
3900,plein
3901,vast
3902,stell
3903,histoir
3904,stroke
3905,â
3906,seam
3907,rey
3908,medo
3909,prefer
3910,northern
3911,author
3912,disgust
3913,dure
3914,devant
3915,wretch
3916,sarà
3917,atmospher
3918,daydream
3919,pipe
3920,remors
3921,martyr
3922,yonder
3923,moin
3924,hizo
3925,sneak
3926,debe
3927,abyss
3928,version
3929,papel
3930,comprend
3931,uhhuh
3932,isso
3933,oooo
3934,pon
3935,gutter
3936,rate
3937,vaikka
3938,pavement
3939,od
3940,dusti
3941,roller
3942,label
3943,deck
3944,vultur
3945,tun
3946,careless
3947,glide
3948,wirklich
3949,pawn
3950,vorbei
3951,fifteen
3952,bord
3953,nut
3954,mentr
3955,quis
3956,spanish
3957,impos
3958,fifti
3959,stink
3960,leap
3961,jahr
3962,penetr
3963,dam
3964,ritual
3965,fellow
3966,clip
3967,suppli
3968,flee
3969,elev
3970,mail
3971,ribbon
3972,corr
3973,hospit
3974,aina
3975,ladder
3976,wail
3977,bathroom
3978,dá
3979,sait
3980,jenni
3981,heur
3982,revolv
3983,barrio
3984,knive
3985,vice
3986,firm
3987,chicago
3988,ikk
3989,breakfast
3990,että
3991,despu
3992,darker
3993,upset
3994,oblivion
3995,hustl
3996,favourit
3997,reward
3998,servant
3999,rewind
4000,primavera
4001,culpa
4002,enslav
4003,solament
4004,ditt
4005,charli
4006,pueblo
4007,fuse
4008,aquella
4009,toca
4010,tin
4011,opposit
4012,propheci
4013,zur
4014,oughta
4015,sorriso
4016,carpet
4017,servic
4018,dort
4019,oscuridad
4020,comput
4021,mont
4022,olvidart
4023,butt
4024,invent
4025,acaba
4026,strive
4027,muev
4028,chord
4029,sleepin
4030,foul
4031,scrape
4032,erst
4033,captiv
4034,ey
4035,bid
4036,ohhhh
4037,jar
4038,drew
4039,definit
4040,wonderin
4041,slight
4042,pole
4043,fascin
4044,shorti
4045,bark
4046,killin
4047,produc
4048,alguém
4049,mystic
4050,peep
4051,grate
4052,tranc
4053,nube
4054,resto
4055,nome
4056,oppress
4057,batter
4058,bike
4059,liegt
4060,harri
4061,medic
4062,glück
4063,accid
4064,waltz
4065,asshol
4066,soñar
4067,stall
4068,problema
4069,deixa
4070,finest
4071,fácil
4072,rome
4073,quedo
4074,savag
4075,bonita
4076,politician
4077,seiz
4078,general
4079,hör
4080,parl
4081,independ
4082,très
4083,wirst
4084,ain
4085,perchè
4086,seit
4087,dine
4088,pollut
4089,french
4090,phrase
4091,niemal
4092,circumst
4093,rattl
4094,musiqu
4095,romant
4096,ultim
4097,deinem
4098,union
4099,habe
4100,stench
4101,sest
4102,couch
4103,sourir
4104,accus
4105,determin
4106,risa
4107,prime
4108,nom
4109,enamorado
4110,hater
4111,egal
4112,bonheur
4113,meadow
4114,klar
4115,saudad
4116,beep
4117,shotgun
4118,gira
4119,contar
4120,lamp
4121,elvi
4122,trumpet
4123,porch
4124,graveyard
4125,gentlemen
4126,seren
4127,grito
4128,vil
4129,glitter
4130,larg
4131,kopf
4132,secreto
4133,group
4134,profit
4135,declin
4136,lou
4137,sour
4138,involv
4139,quizá
4140,boo
4141,project
4142,materi
4143,ilusión
4144,noel
4145,placer
4146,execut
4147,revers
4148,luci
4149,gambl
4150,summon
4151,também
4152,mua
4153,señor
4154,fest
4155,melhor
4156,madrugada
4157,fo
4158,microphon
4159,claro
4160,virus
4161,explor
4162,speech
4163,venom
4164,fino
4165,sehr
4166,hän
4167,vacat
4168,partner
4169,cualquier
4170,youâr
4171,sotto
4172,doorway
4173,silhouett
4174,notion
4175,entrar
4176,market
4177,slay
4178,rail
4179,mold
4180,rêve
4181,yah
4182,raven
4183,insiem
4184,knight
4185,cuento
4186,heb
4187,cose
4188,bli
4189,eterno
4190,digniti
4191,escapar
4192,depui
4193,adventur
4194,depart
4195,letra
4196,mulher
4197,lawn
4198,får
4199,essenc
4200,fr
4201,paus
4202,caminar
4203,outra
4204,tut
4205,sil
4206,preciso
4207,obscur
4208,się
4209,smack
4210,slut
4211,childhood
4212,gå
4213,memoria
4214,lipstick
4215,shinin
4216,photo
4217,enchant
4218,tocar
4219,hei
4220,ira
4221,farther
4222,sport
4223,gasolin
4224,enää
4225,latest
4226,rosi
4227,guardo
4228,fiend
4229,concentr
4230,mina
4231,palac
4232,aboard
4233,strife
4234,lágrima
4235,llora
4236,anchor
4237,dreamt
4238,corn
4239,clay
4240,déjà
4241,café
4242,dah
4243,dizzi
4244,spray
4245,messiah
4246,voix
4247,brake
4248,pleur
4249,cafe
4250,sum
4251,pet
4252,jade
4253,combin
4254,può
4255,tod
4256,hur
4257,hogi
4258,apathi
4259,desol
4260,crippl
4261,axe
4262,rabbit
4263,sanctuari
4264,valor
4265,transform
4266,uniform
4267,confront
4268,swift
4269,barrel
4270,filth
4271,vrai
4272,entonc
4273,lune
4274,masquerad
4275,mississippi
4276,chime
4277,50
4278,railroad
4279,qua
4280,llego
4281,actual
4282,shoulda
4283,gloom
4284,escond
4285,perd
4286,15
4287,jama
4288,conoc
4289,aaah
4290,abr
4291,don`t
4292,blut
4293,inn
4294,phantom
4295,appeal
4296,plug
4297,vaniti
4298,poni
4299,mainten
4300,cristal
4301,fearless
4302,stitch
4303,fragment
4304,clutch
4305,pecho
4306,30
4307,squad
4308,cambio
4309,makeup
4310,stalk
4311,surf
4312,outer
4313,basement
4314,obscen
4315,gehn
4316,passé
4317,fiddl
4318,steve
4319,boulevard
4320,chart
4321,arrang
4322,increas
4323,septemb
4324,i`m
4325,rua
4326,endlich
4327,weer
4328,guitarra
4329,leve
4330,evolut
4331,wooden
4332,querert
4333,vraiment
4334,kickin
4335,unter
4336,logic
4337,40
4338,toma
4339,feat
4340,gotten
4341,tryna
4342,mire
4343,esser
4344,hid
4345,wasteland
4346,fighter
4347,då
4348,husband
4349,jumpin
4350,suo
4351,machen
4352,pathet
4353,pasión
4354,maim
4355,program
4356,demasiado
4357,majesti
4358,retreat
4359,appreci
4360,daze
4361,challeng
4362,queria
4363,letzt
4364,nosotro
4365,sogno
4366,ku
4367,subject
4368,standard
4369,troppo
4370,jazz
4371,opportun
4372,sehn
4373,miser
4374,col
4375,legion
4376,submit
4377,qualquer
4378,cough
4379,medio
4380,teen
4381,wilder
4382,sed
4383,peau
4384,pone
4385,studi
4386,dije
4387,jacket
4388,overflow
4389,vient
4390,suprem
4391,butcher
4392,balloon
4393,pushin
4394,mnie
4395,tradit
4396,pane
4397,cur
4398,stomp
4399,alegr
4400,judgment
4401,industri
4402,jugar
4403,introduc
4404,lai
4405,esquina
4406,venir
4407,iba
4408,taint
4409,pude
4410,counti
4411,fleet
4412,sinä
4413,rêves
4414,allah
4415,groovi
4416,sogni
4417,chrome
4418,blah
4419,genocid
4420,kalt
4421,
4422,unreal
4423,slumber
4424,thiev
4425,frank
4426,id
4427,lurk
4428,unhappi
4429,ihm
4430,morena
4431,chico
4432,dusk
4433,cuatro
4434,lap
4435,sve
4436,dynamit
4437,blick
4438,twin
4439,muer
4440,dub
4441,yi
4442,thirsti
4443,skirt
4444,hopin
4445,predict
4446,heroin
4447,escucha
4448,ormai
4449,wonderland
4450,scari
4451,steer
4452,genau
4453,besoin
4454,ana
4455,llanto
4456,screamin
4457,routin
4458,contr
4459,tooth
4460,paura
4461,sopra
4462,perdida
4463,vuela
4464,fuori
4465,eden
4466,pierdo
4467,remedi
4468,cloudi
4469,adam
4470,raison
4471,perro
4472,amus
4473,closet
4474,tuve
4475,ner
4476,ano
4477,western
4478,ness
4479,piedra
4480,amiga
4481,beef
4482,aprè
4483,featur
4484,robin
4485,decad
4486,qued
4487,bald
4488,wollt
4489,neue
4490,whine
4491,chees
4492,feu
4493,aprend
4494,dish
4495,leva
4496,brauch
4497,misunderstood
4498,misti
4499,diferent
4500,habla
4501,når
4502,psycho
4503,spotlight
4504,reviv
4505,suitcas
4506,freund
4507,damnat
4508,duda
4509,etwa
4510,geld
4511,stadt
4512,cunt
4513,mellow
4514,poetri
4515,lumièr
4516,bean
4517,print
4518,confin
4519,kommen
4520,domani
4521,correr
4522,perman
4523,strada
4524,inhal
4525,idl
4526,juro
4527,allen
4528,upp
4529,statu
4530,bluebird
4531,uniti
4532,sitä
4533,reckless
4534,robe
4535,leer
4536,lhe
4537,vite
4538,modo
4539,menschen
4540,voltar
4541,incred
4542,aujourdhui
4543,anticip
4544,etc
4545,pensamiento
4546,estc
4547,keinen
4548,kimi
4549,raindrop
4550,puzzl
4551,chemin
4552,lindo
4553,wax
4554,foss
4555,junk
4556,veut
4557,kaiken
4558,contempl
4559,skeleton
4560,caso
4561,wollen
4562,ruido
4563,grade
4564,leau
4565,‘caus
4566,effort
4567,dêtre
4568,hippi
4569,fil
4570,curv
4571,dabei
4572,nossa
4573,eventu
4574,recordar
4575,disconnect
4576,carol
4577,strung
4578,infierno
4579,daß
4580,cousin
4581,radiat
4582,pal
4583,stiff
4584,trend
4585,lento
4586,aqu
4587,terrifi
4588,fore
4589,vide
4590,belov
4591,channel
4592,joli
4593,parc
4594,vuol
4595,então
4596,stern
4597,cope
4598,garbag
4599,admir
4600,blister
4601,sull
4602,mão
4603,odio
4604,pitch
4605,carn
4606,slippin
4607,dong
4608,seus
4609,we’r
4610,debo
4611,honki
4612,shark
4613,cari
4614,afar
4615,jest
4616,superman
4617,pu
4618,ust
4619,sublim
4620,hiphop
4621,ident
4622,ge
4623,billion
4624,rocknrol
4625,punto
4626,oon
4627,romeo
4628,geen
4629,banana
4630,escuchar
4631,richard
4632,livet
4633,jung
4634,fiel
4635,noos
4636,beggin
4637,trunk
4638,ink
4639,mash
4640,succeed
4641,toni
4642,bi
4643,spinnin
4644,powder
4645,despierto
4646,fou
4647,motherfuckin
4648,hun
4649,butter
4650,fatto
4651,manchmal
4652,llevar
4653,fur
4654,disagre
4655,voll
4656,assur
4657,från
4658,savoir
4659,horizont
4660,carnav
4661,you´r
4662,drunken
4663,tuck
4664,keeper
4665,broad
4666,maid
4667,flock
4668,déjame
4669,gib
4670,tellement
4671,vieux
4672,tango
4673,bailando
4674,larm
4675,berlin
4676,handsom
4677,gefühl
4678,blunt
4679,qual
4680,inject
4681,timeless
4682,schwer
4683,gi
4684,cor
4685,bonni
4686,clone
4687,allí
4688,mall
4689,wink
4690,blanca
4691,sinto
4692,mirando
4693,meaningless
4694,nessuno
4695,laat
4696,crap
4697,legal
4698,hypocrit
4699,hermano
4700,pasion
4701,aid
4702,brooklyn
4703,donc
4704,jak
4705,delus
4706,term
4707,primera
4708,pourtant
4709,layin
4710,conceiv
4711,seel
4712,devast
4713,slick
4714,vega
4715,pluie
4716,tax
4717,frío
4718,ty
4719,virtu
4720,lontano
4721,unabl
4722,distress
4723,bla
4724,ember
4725,wee
4726,mmmm
4727,pedir
4728,beckon
4729,galaxi
4730,diz
4731,ley
4732,passo
4733,mous
4734,issu
4735,absurd
4736,imma
4737,zoo
4738,rocki
4739,pide
4740,jackson
4741,neat
4742,itch
4743,insect
4744,starlight
4745,shred
4746,000
4747,segundo
4748,nooit
4749,avait
4750,bonito
4751,foundat
4752,13
4753,mag
4754,scarlet
4755,lunch
4756,cansado
4757,leak
4758,près
4759,bah
4760,giorni
4761,siehst
4762,consol
4763,flirt
4764,absenc
4765,lalala
4766,comprehend
4767,hin
4768,scum
4769,stride
4770,fingertip
4771,lua
4772,translat
4773,reput
4774,starri
4775,conclus
4776,pouco
4777,belt
4778,alltid
4779,sig
4780,tribe
4781,illumin
4782,knowin
4783,weet
4784,forg
4785,minor
4786,behav
4787,oli
4788,croir
4789,troi
4790,passer
4791,dautr
4792,vela
4793,anyhow
4794,mock
4795,habrá
4796,bir
4797,espejo
4798,intens
4799,saddl
4800,glue
4801,rendezv
4802,cd
4803,kai
4804,mío
4805,tô
4806,rave
4807,dimmi
4808,retir
4809,vara
4810,molli
4811,forbidden
4812,combat
4813,trippin
4814,ingent
4815,deepli
4816,puttin
4817,silk
4818,paranoia
4819,weißt
4820,whirl
4821,duti
4822,quedan
4823,adentro
4824,ditch
4825,shave
4826,esté
4827,sicken
4828,premier
4829,bleib
4830,reliev
4831,restor
4832,unawar
4833,quella
4834,dash
4835,gore
4836,acabar
4837,kissin
4838,indiffer
4839,temperatur
4840,messin
4841,río
4842,rumbl
4843,argu
4844,freeway
4845,mutta
4846,vuelto
4847,manipul
4848,annihil
4849,mek
4850,unspoken
4851,passag
4852,minuto
4853,fora
4854,cosmic
4855,despierta
4856,betti
4857,request
4858,pudiera
4859,bucket
4860,proper
4861,ace
4862,gritar
4863,puro
4864,gown
4865,chapter
4866,digit
4867,actor
4868,cambia
4869,prendr
4870,creator
4871,skate
4872,askin
4873,difícil
4874,flown
4875,nurs
4876,sim
4877,waist
4878,gleich
4879,saben
4880,collar
4881,joue
4882,demai
4883,current
4884,naiv
4885,flaw
4886,16
4887,doigt
4888,olvida
4889,comb
4890,headlight
4891,diablo
4892,suav
4893,ascend
4894,cree
4895,vete
4896,pledg
4897,mistaken
4898,method
4899,vagu
4900,dura
4901,voit
4902,maiden
4903,sangu
4904,ando
4905,element
4906,cae
4907,entir
4908,alleluia
4909,oft
4910,intox
4911,besser
4912,pueden
4913,rug
4914,aura
4915,guest
4916,chamber
4917,sere
4918,jukebox
4919,skinni
4920,wissen
4921,holla
4922,cherch
4923,hurtin
4924,eager
4925,hij
4926,tenemo
4927,dedo
4928,droit
4929,glisten
4930,assassin
4931,landscap
4932,alleen
4933,mutil
4934,seein
4935,senseless
4936,golp
4937,lili
4938,canât
4939,jaurai
4940,auto
4941,kvar
4942,structur
4943,assum
4944,veneno
4945,spawn
4946,proclaim
4947,threaten
4948,distancia
4949,magia
4950,swirl
4951,curious
4952,complex
4953,uptown
4954,100
4955,advanc
4956,alegría
4957,empieza
4958,hah
4959,dug
4960,aquello
4961,lucif
4962,cruz
4963,jamaica
4964,flavor
4965,kuinka
4966,uit
4967,24
4968,anguish
4969,foto
4970,chat
4971,jétai
4972,caminho
4973,observ
4974,altro
4975,javai
4976,yang
4977,oer
4978,nickel
4979,booz
4980,sew
4981,música
4982,stai
4983,naughti
4984,entiendo
4985,står
4986,champion
4987,forsak
4988,seventh
4989,capit
4990,writer
4991,motivo
4992,bake
4993,insist
4994,wel
4995,santo
4996,pe
4997,gee
4998,colleg
4999,kad
