Tomas Ledin,1952
Victoria Beckham,1974
Keny Arkana,1982
Steve Angello,1982
Erika Jayne,1971
Cissy Houston,1933
Thelma Houston,1946
Buddy Collette,1921
Benny Benassi,1967
Pietro Frosini,1905
David Hazeltine,1958
Leon Payne,1917
King Floyd,1945
Finis Tasby,1940
Christy Nockels,1973
Kid Sister,1980
Ebru Gündeş,1974
Anastacia,1968
Victor Reid,1950
Fidel Nadal,1965
Mark Mothersbaugh,1950
Aida Cuevas,1963
Jean Michel Jarre,1948
Gloria Lynne,1929
Luz Casal,1958
Yoskar Sarante,1970
John Mayer,1977
Tiffany Evans,2003
Mauro Pagani,1970
Sara Gazarek,2000
Doug McClure,1915
Bruce Cockburn,1945
Arno Cost,1986
Jack Blanchard and Misty Morgan,1942
Enrique Iglesias,1975
Franco Battiato,1945
Sharon Redd,1945
Gianna Nannini,1979
Dan Cummins,1995
Frank Reyes,1969
Jowell & Randy,1982
Stacy Lattisaw,1966
Nathan Haines,1972
Tom Brosseau,2007
Stuart Hamblen,1908
Roland Kaiser,1974
Adele,1988
